Timestamp,TreeCount,Image
2025-11-11 17:41:23,40,tree_mask_360_F_192168592_y7RRNUzsmsRYcIXkEIRdwDzuSN070Rop.jpg
2025-11-11 17:58:51,473
2025-11-11 18:16:32,40,tree_mask_360_F_192168592_y7RRNUzsmsRYcIXkEIRdwDzuSN070Rop.jpg
2025-11-11 18:22:24,40,tree_mask_360_F_192168592_y7RRNUzsmsRYcIXkEIRdwDzuSN070Rop.jpg
2025-11-11 18:42:07,40,tree_mask_360_F_192168592_y7RRNUzsmsRYcIXkEIRdwDzuSN070Rop.jpg
2025-11-12 10:35:34,40,tree_mask_360_F_192168592_y7RRNUzsmsRYcIXkEIRdwDzuSN070Rop.jpg
2025-11-15 14:01:17,40,tree_mask_360_F_192168592_y7RRNUzsmsRYcIXkEIRdwDzuSN070Rop.jpg
2025-11-18 19:32:41,35,tree_mask_result_360_F_192168592_y7RRNUzsmsRYcIXkEIRdwDzuSN070Rop.jpg
2025-11-18 19:33:01,33,tree_mask_result_result_360_F_192168592_y7RRNUzsmsRYcIXkEIRdwDzuSN070Rop.jpg
2025-11-18 19:36:26,33,tree_mask_result_result_360_F_192168592_y7RRNUzsmsRYcIXkEIRdwDzuSN070Rop.jpg
2025-11-24 20:04:35,40,tree_mask_360_F_192168592_y7RRNUzsmsRYcIXkEIRdwDzuSN070Rop.jpg
2025-11-26 19:20:06,40,tree_mask_360_F_192168592_y7RRNUzsmsRYcIXkEIRdwDzuSN070Rop.jpg
